id,slug,url,embedSrc,question,category,why,volume,volume24h,trades24h,uniqueTraders24h,momentumDelta24h,momentumPct24h,endDateISO,timeToResolveDays,outcomeCount,avgSpread,underround,binaryMidYes,near50Flag,bestQuotesJSON,avgSpreadProxy
538932,will-zohran-mamdani-win-the-2025-nyc-mayoral-election,https://polymarket.com/event/will-zohran-mamdani-win-the-2025-nyc-mayoral-election,https://embed.polymarket.com/market.html?market=will-zohran-mamdani-win-the-2025-nyc-mayoral-election&features=volume&theme=light,Will Zohran Mamdani win the 2025 NYC mayoral election?,,"24h $91,371 • spread 0.001 • TTR 45.2d",18164321.863125,91371.766236,500,0,0.067,7.2043,2025-11-04T12:00:00+00:00,45.227,1,0.001,-0.135,0.8645,0,"[{""name"": ""Top"", ""bestBid"": 0.864, ""bestAsk"": 0.865}]",
560187,lord-miles-completes-40-day-water-fast-in-the-dessert,https://polymarket.com/event/lord-miles-completes-40-day-water-fast-in-the-dessert,https://embed.polymarket.com/market.html?market=lord-miles-completes-40-day-water-fast-in-the-dessert&features=volume&theme=light,Lord Miles completes 40-day water fast in the desert?,,"24h $91,371 • spread 0.010 • TTR 9.7d",8874386.603024,91371.766236,500,0,0.067,7.2043,2025-09-30T00:00:00+00:00,9.727,1,0.01,-0.7,0.295,0,"[{""name"": ""Top"", ""bestBid"": 0.29, ""bestAsk"": 0.3}]",
525361,will-lewis-hamilton-be-the-2025-drivers-champion,https://polymarket.com/event/will-lewis-hamilton-be-the-2025-drivers-champion,https://embed.polymarket.com/market.html?market=will-lewis-hamilton-be-the-2025-drivers-champion&features=volume&theme=light,Will Lewis Hamilton be the 2025 Drivers Champion?,,"24h $91,371 • spread 0.998 • TTR 78.2d",20538600.48142,91371.766236,500,0,0.067,7.2043,2025-12-07T12:00:00+00:00,78.227,1,0.998,-0.999,,0,"[{""name"": ""Top"", ""bestBid"": null, ""bestAsk"": 0.001}]",0.998
537194,russia-x-ukraine-ceasefire-before-october,https://polymarket.com/event/russia-x-ukraine-ceasefire-before-october,https://embed.polymarket.com/market.html?market=russia-x-ukraine-ceasefire-before-october&features=volume&theme=light,Russia x Ukraine ceasefire before October?,,"24h $91,371 • spread 0.001 • TTR 10.2d",8001807.437352,91371.766236,500,0,0.067,7.2043,2025-09-30T12:00:00+00:00,10.227,1,0.001,-0.992,0.0075,0,"[{""name"": ""Top"", ""bestBid"": 0.007, ""bestAsk"": 0.008}]",
516719,russia-x-ukraine-ceasefire-in-2025,https://polymarket.com/event/russia-x-ukraine-ceasefire-in-2025,https://embed.polymarket.com/market.html?market=russia-x-ukraine-ceasefire-in-2025&features=volume&theme=light,Russia x Ukraine ceasefire in 2025?,,"24h $91,371 • spread 0.010 • TTR 102.2d",19607447.021681,91371.766236,500,0,0.067,7.2043,2025-12-31T12:00:00+00:00,102.227,1,0.01,-0.85,0.145,0,"[{""name"": ""Top"", ""bestBid"": 0.14, ""bestAsk"": 0.15}]",
581247,lisa-cook-out-as-fed-governor-by-september-30,https://polymarket.com/event/lisa-cook-out-as-fed-governor-by-september-30,https://embed.polymarket.com/market.html?market=lisa-cook-out-as-fed-governor-by-september-30&features=volume&theme=light,Lisa Cook out as Fed Governor by September 30?,,"24h $91,371 • spread 0.002 • TTR 9.7d",6010278.67994,91371.766236,500,0,0.067,7.2043,2025-09-30T00:00:00+00:00,9.727,1,0.002,-0.945,0.054,0,"[{""name"": ""Top"", ""bestBid"": 0.053, ""bestAsk"": 0.055}]",
538935,will-brad-lander-win-the-2025-nyc-mayoral-election,https://polymarket.com/event/will-brad-lander-win-the-2025-nyc-mayoral-election,https://embed.polymarket.com/market.html?market=will-brad-lander-win-the-2025-nyc-mayoral-election&features=volume&theme=light,Will Brad Lander win the 2025 NYC mayoral election?,,"24h $91,371 • spread 0.001 • TTR 45.2d",10220971.396914,91371.766236,500,0,0.067,7.2043,2025-11-04T12:00:00+00:00,45.227,1,0.001,-0.998,0.0015,0,"[{""name"": ""Top"", ""bestBid"": 0.001, ""bestAsk"": 0.002}]",
516944,will-donald-trump-win-nobel-peace-prize-in-2025-635,https://polymarket.com/event/will-donald-trump-win-nobel-peace-prize-in-2025-635,https://embed.polymarket.com/market.html?market=will-donald-trump-win-nobel-peace-prize-in-2025-635&features=volume&theme=light,Will Donald Trump win Nobel Peace Prize in 2025?,,"24h $91,371 • spread 0.001 • TTR 102.2d",13429753.454635,91371.766236,500,0,0.067,7.2043,2025-12-31T12:00:00+00:00,102.227,1,0.001,-0.967,0.0325,0,"[{""name"": ""Top"", ""bestBid"": 0.032, ""bestAsk"": 0.033}]",
551963,xi-jinping-out-in-2025,https://polymarket.com/event/xi-jinping-out-in-2025,https://embed.polymarket.com/market.html?market=xi-jinping-out-in-2025&features=volume&theme=light,Xi Jinping out in 2025?,,"24h $91,594 • spread 0.010 • TTR 102.7d",12389375.99112,91594.545241,500,0,-0.307,-30.7924,2025-12-31T23:55:00+00:00,102.723,1,0.01,-0.92,0.075,0,"[{""name"": ""Top"", ""bestBid"": 0.07, ""bestAsk"": 0.08}]",
538928,will-eric-adams-win-the-2025-nyc-mayoral-election,https://polymarket.com/event/will-eric-adams-win-the-2025-nyc-mayoral-election,https://embed.polymarket.com/market.html?market=will-eric-adams-win-the-2025-nyc-mayoral-election&features=volume&theme=light,Will Eric Adams win the 2025 NYC mayoral election?,,"24h $91,594 • spread 0.001 • TTR 45.2d",8348917.791417,91594.545241,500,0,-0.307,-30.7924,2025-11-04T12:00:00+00:00,45.227,1,0.001,-0.991,0.0085,0,"[{""name"": ""Top"", ""bestBid"": 0.008, ""bestAsk"": 0.009}]",
559640,xi-jinping-out-before-october,https://polymarket.com/event/xi-jinping-out-before-october,https://embed.polymarket.com/market.html?market=xi-jinping-out-before-october&features=volume&theme=light,Xi Jinping out before October?,,"24h $91,594 • spread 0.001 • TTR 9.7d",4059814.409668,91594.545241,500,0,-0.307,-30.7924,2025-09-30T00:00:00+00:00,9.727,1,0.001,-0.996,0.0035,0,"[{""name"": ""Top"", ""bestBid"": 0.003, ""bestAsk"": 0.004}]",
538929,will-andrew-cuomo-win-the-2025-nyc-mayoral-election,https://polymarket.com/event/will-andrew-cuomo-win-the-2025-nyc-mayoral-election,https://embed.polymarket.com/market.html?market=will-andrew-cuomo-win-the-2025-nyc-mayoral-election&features=volume&theme=light,Will Andrew Cuomo win the 2025 NYC mayoral election?,,"24h $91,594 • spread 0.001 • TTR 45.2d",8168774.868741,91594.545241,500,0,-0.307,-30.7924,2025-11-04T12:00:00+00:00,45.227,1,0.001,-0.878,0.1215,0,"[{""name"": ""Top"", ""bestBid"": 0.121, ""bestAsk"": 0.122}]",
538933,will-zellnor-myrie-win-the-2025-nyc-mayoral-election,https://polymarket.com/event/will-zellnor-myrie-win-the-2025-nyc-mayoral-election,https://embed.polymarket.com/market.html?market=will-zellnor-myrie-win-the-2025-nyc-mayoral-election&features=volume&theme=light,Will Zellnor Myrie win the 2025 NYC mayoral election?,,"24h $91,594 • spread 0.998 • TTR 45.2d",7319253.449146,91594.545241,500,0,-0.307,-30.7924,2025-11-04T12:00:00+00:00,45.227,1,0.998,-0.999,,0,"[{""name"": ""Top"", ""bestBid"": null, ""bestAsk"": 0.001}]",0.998
520930,will-trump-remove-jerome-powell,https://polymarket.com/event/will-trump-remove-jerome-powell,https://embed.polymarket.com/market.html?market=will-trump-remove-jerome-powell&features=volume&theme=light,Jerome Powell out as Fed Chair in 2025?,,"24h $91,594 • spread 0.010 • TTR 102.2d",9727058.34979,91594.545241,500,0,-0.307,-30.7924,2025-12-31T12:00:00+00:00,102.227,1,0.01,-0.94,0.055,0,"[{""name"": ""Top"", ""bestBid"": 0.05, ""bestAsk"": 0.06}]",
553813,fed-increases-interest-rates-by-25-bps-after-october-2025-meeting,https://polymarket.com/event/fed-increases-interest-rates-by-25-bps-after-october-2025-meeting,https://embed.polymarket.com/market.html?market=fed-increases-interest-rates-by-25-bps-after-october-2025-meeting&features=volume&theme=light,Fed increases interest rates by 25+ bps after October 2025 meeting?,,"24h $91,594 • spread 0.001 • TTR 39.2d",6068141.238228,91594.545241,500,0,-0.307,-30.7924,2025-10-29T12:00:00+00:00,39.227,1,0.001,-0.994,0.0055,0,"[{""name"": ""Top"", ""bestBid"": 0.005, ""bestAsk"": 0.006}]",
516710,us-recession-in-2025,https://polymarket.com/event/us-recession-in-2025,https://embed.polymarket.com/market.html?market=us-recession-in-2025&features=volume&theme=light,US recession in 2025?,,"24h $91,594 • spread 0.010 • TTR 161.2d",9528333.760863,91594.545241,500,0,-0.307,-30.7924,2026-02-28T12:00:00+00:00,161.227,1,0.01,-0.92,0.075,0,"[{""name"": ""Top"", ""bestBid"": 0.07, ""bestAsk"": 0.08}]",
584887,will-bitcoin-reach-200k-in-september,https://polymarket.com/event/will-bitcoin-reach-200k-in-september,https://embed.polymarket.com/market.html?market=will-bitcoin-reach-200k-in-september&features=volume&theme=light,Will Bitcoin reach $200K in September?,,"24h $91,810 • spread 0.001 • TTR 10.9d",2949809.421443,91810.827902,500,0,-0.262,-68.9474,2025-10-01T04:00:00+00:00,10.894,1,0.001,-0.998,0.0015,0,"[{""name"": ""Top"", ""bestBid"": 0.001, ""bestAsk"": 0.002}]",
538931,will-jim-walden-win-the-2025-nyc-mayoral-election,https://polymarket.com/event/will-jim-walden-win-the-2025-nyc-mayoral-election,https://embed.polymarket.com/market.html?market=will-jim-walden-win-the-2025-nyc-mayoral-election&features=volume&theme=light,Will Jim Walden win the 2025 NYC mayoral election?,,"24h $91,810 • spread 0.998 • TTR 45.2d",5498872.157009,91810.827902,500,0,-0.262,-68.9474,2025-11-04T12:00:00+00:00,45.227,1,0.998,-0.999,,0,"[{""name"": ""Top"", ""bestBid"": null, ""bestAsk"": 0.001}]",0.998
538937,will-adrienne-adams-win-the-2025-nyc-mayoral-election,https://polymarket.com/event/will-adrienne-adams-win-the-2025-nyc-mayoral-election,https://embed.polymarket.com/market.html?market=will-adrienne-adams-win-the-2025-nyc-mayoral-election&features=volume&theme=light,Will Adrienne Adams win the 2025 NYC mayoral election?,,"24h $91,810 • spread 0.998 • TTR 45.2d",5192730.345185,91810.827902,500,0,-0.262,-68.9474,2025-11-04T12:00:00+00:00,45.227,1,0.998,-0.999,,0,"[{""name"": ""Top"", ""bestBid"": null, ""bestAsk"": 0.001}]",0.998
538930,will-curtis-sliwa-win-the-2025-nyc-mayoral-election,https://polymarket.com/event/will-curtis-sliwa-win-the-2025-nyc-mayoral-election,https://embed.polymarket.com/market.html?market=will-curtis-sliwa-win-the-2025-nyc-mayoral-election&features=volume&theme=light,Will Curtis Sliwa win the 2025 NYC mayoral election?,,"24h $91,810 • spread 0.001 • TTR 45.2d",4877423.76354,91810.827902,500,0,-0.262,-68.9474,2025-11-04T12:00:00+00:00,45.227,1,0.001,-0.997,0.0025,0,"[{""name"": ""Top"", ""bestBid"": 0.002, ""bestAsk"": 0.003}]",
560856,will-donald-trump-win-the-nobel-peace-prize-in-2025,https://polymarket.com/event/will-donald-trump-win-the-nobel-peace-prize-in-2025,https://embed.polymarket.com/market.html?market=will-donald-trump-win-the-nobel-peace-prize-in-2025&features=volume&theme=light,Will Donald Trump win the Nobel Peace Prize in 2025?,,"24h $91,810 • spread 0.002 • TTR 19.7d",3222067.511189,91810.827902,500,0,-0.262,-68.9474,2025-10-10T00:00:00+00:00,19.727,1,0.002,-0.966,0.033,0,"[{""name"": ""Top"", ""bestBid"": 0.032, ""bestAsk"": 0.034}]",
516716,khamenei-out-as-supreme-leader-of-iran-in-2025,https://polymarket.com/event/khamenei-out-as-supreme-leader-of-iran-in-2025,https://embed.polymarket.com/market.html?market=khamenei-out-as-supreme-leader-of-iran-in-2025&features=volume&theme=light,Khamenei out as Supreme Leader of Iran in 2025?,,"24h $91,810 • spread 0.010 • TTR 102.2d",6521505.206334,91810.827902,500,0,-0.262,-68.9474,2025-12-31T12:00:00+00:00,102.227,1,0.01,-0.85,0.145,0,"[{""name"": ""Top"", ""bestBid"": 0.14, ""bestAsk"": 0.15}]",
569680,israel-x-hamas-ceasefire-by-september-30,https://polymarket.com/event/israel-x-hamas-ceasefire-by-september-30,https://embed.polymarket.com/market.html?market=israel-x-hamas-ceasefire-by-september-30&features=volume&theme=light,Israel x Hamas ceasefire by September 30?,,"24h $91,810 • spread 0.003 • TTR 9.7d",2225209.846499,91810.827902,500,0,-0.262,-68.9474,2025-09-30T00:00:00+00:00,9.727,1,0.003,-0.972,0.0265,0,"[{""name"": ""Top"", ""bestBid"": 0.025, ""bestAsk"": 0.028}]",
578158,will-putin-meet-with-zelenskyy-by-september-30,https://polymarket.com/event/will-putin-meet-with-zelenskyy-by-september-30,https://embed.polymarket.com/market.html?market=will-putin-meet-with-zelenskyy-by-september-30&features=volume&theme=light,Will Putin meet with Zelenskyy by September 30?,,"24h $91,810 • spread 0.001 • TTR 9.7d",2189298.158673,91810.827902,500,0,-0.262,-68.9474,2025-09-30T00:00:00+00:00,9.727,1,0.001,-0.991,0.0085,0,"[{""name"": ""Top"", ""bestBid"": 0.008, ""bestAsk"": 0.009}]",
525403,will-the-miami-marlins-win-the-2025-world-series,https://polymarket.com/event/will-the-miami-marlins-win-the-2025-world-series,https://embed.polymarket.com/market.html?market=will-the-miami-marlins-win-the-2025-world-series&features=volume&theme=light,Will the Miami Marlins win the 2025 World Series?,,"24h $91,315 • spread 0.998 • TTR 41.2d",4011037.212513,91315.483473,500,0,-0.537,-53.8616,2025-10-31T12:00:00+00:00,41.227,1,0.998,-0.999,,0,"[{""name"": ""Top"", ""bestBid"": null, ""bestAsk"": 0.001}]",0.998
520630,will-china-invade-taiwan-in-2025,https://polymarket.com/event/will-china-invade-taiwan-in-2025,https://embed.polymarket.com/market.html?market=will-china-invade-taiwan-in-2025&features=volume&theme=light,Will China invade Taiwan in 2025?,,"24h $91,315 • spread 0.010 • TTR 102.2d",5238310.991583,91315.483473,500,0,-0.537,-53.8616,2025-12-31T12:00:00+00:00,102.227,1,0.01,-0.95,0.045,0,"[{""name"": ""Top"", ""bestBid"": 0.04, ""bestAsk"": 0.05}]",
602626,mlb-sf-lad-2025-09-19,https://polymarket.com/event/mlb-sf-lad-2025-09-19,https://embed.polymarket.com/market.html?market=mlb-sf-lad-2025-09-19&features=volume&theme=light,Giants vs. Dodgers,,"24h $91,315 • spread 0.998 • TTR 6.8d",1592244.501438,91315.483473,500,0,-0.537,-53.8616,2025-09-27T02:10:00+00:00,6.817,1,0.998,-0.999,,0,"[{""name"": ""Top"", ""bestBid"": null, ""bestAsk"": 0.001}]",0.998
525360,will-charles-leclerc-be-the-2025-drivers-champion,https://polymarket.com/event/will-charles-leclerc-be-the-2025-drivers-champion,https://embed.polymarket.com/market.html?market=will-charles-leclerc-be-the-2025-drivers-champion&features=volume&theme=light,Will Charles Leclerc be the 2025 Drivers Champion?,,"24h $91,315 • spread 0.001 • TTR 78.2d",4554158.264393,91315.483473,500,0,-0.537,-53.8616,2025-12-07T12:00:00+00:00,78.227,1,0.001,-0.998,0.0015,0,"[{""name"": ""Top"", ""bestBid"": 0.001, ""bestAsk"": 0.002}]",
543259,will-andrnico-rodrguez-win-the-2025-bolivia-presidential-election,https://polymarket.com/event/will-andrnico-rodrguez-win-the-2025-bolivia-presidential-election,https://embed.polymarket.com/market.html?market=will-andrnico-rodrguez-win-the-2025-bolivia-presidential-election&features=volume&theme=light,Will Andrónico Rodríguez win the 2025 Bolivia presidential election?,,"24h $91,315 • spread 0.998 • TTR 28.7d",2853708.214839,91315.483473,500,0,-0.537,-53.8616,2025-10-19T00:00:00+00:00,28.727,1,0.998,-0.999,,0,"[{""name"": ""Top"", ""bestBid"": null, ""bestAsk"": 0.001}]",0.998
525405,will-the-st-louis-cardinals-win-the-2025-world-series,https://polymarket.com/event/will-the-st-louis-cardinals-win-the-2025-world-series,https://embed.polymarket.com/market.html?market=will-the-st-louis-cardinals-win-the-2025-world-series&features=volume&theme=light,Will the St. Louis Cardinals win the 2025 World Series?,,"24h $91,315 • spread 0.998 • TTR 41.2d",3219022.854608,91315.483473,500,0,-0.537,-53.8616,2025-10-31T12:00:00+00:00,41.227,1,0.998,-0.999,,0,"[{""name"": ""Top"", ""bestBid"": null, ""bestAsk"": 0.001}]",0.998
516864,will-bitcoin-reach-150000-by-december-31-2025-188,https://polymarket.com/event/will-bitcoin-reach-150000-by-december-31-2025-188,https://embed.polymarket.com/market.html?market=will-bitcoin-reach-150000-by-december-31-2025-188&features=volume&theme=light,"Will Bitcoin reach $150,000 by December 31, 2025?",,"24h $91,301 • spread 0.010 • TTR 102.2d",4538323.330351,91301.236473,500,0,-0.528,-53.4413,2025-12-31T12:00:00+00:00,102.227,1,0.01,-0.76,0.235,0,"[{""name"": ""Top"", ""bestBid"": 0.23, ""bestAsk"": 0.24}]",
525362,will-george-russell-be-the-2025-drivers-champion,https://polymarket.com/event/will-george-russell-be-the-2025-drivers-champion,https://embed.polymarket.com/market.html?market=will-george-russell-be-the-2025-drivers-champion&features=volume&theme=light,Will George Russell be the 2025 Drivers Champion?,,"24h $91,301 • spread 0.001 • TTR 78.2d",4098971.018916,91301.236473,500,0,-0.528,-53.4413,2025-12-07T12:00:00+00:00,78.227,1,0.001,-0.997,0.0025,0,"[{""name"": ""Top"", ""bestBid"": 0.002, ""bestAsk"": 0.003}]",
516937,us-national-bitcoin-reserve-in-2025,https://polymarket.com/event/us-national-bitcoin-reserve-in-2025,https://embed.polymarket.com/market.html?market=us-national-bitcoin-reserve-in-2025&features=volume&theme=light,US national Bitcoin reserve in 2025?,,"24h $94,850 • spread 0.010 • TTR 102.2d",4337936.007788,94850.296883,500,0,0.129,14.9133,2025-12-31T12:00:00+00:00,102.227,1,0.01,-0.85,0.145,0,"[{""name"": ""Top"", ""bestBid"": 0.14, ""bestAsk"": 0.15}]",
538939,will-michael-bloomberg-win-the-2025-nyc-mayoral-election,https://polymarket.com/event/will-michael-bloomberg-win-the-2025-nyc-mayoral-election,https://embed.polymarket.com/market.html?market=will-michael-bloomberg-win-the-2025-nyc-mayoral-election&features=volume&theme=light,Will Michael Bloomberg win the 2025 NYC mayoral election?,,"24h $94,850 • spread 0.998 • TTR 45.2d",3062832.371827,94850.296883,500,0,0.129,14.9133,2025-11-04T12:00:00+00:00,45.227,1,0.998,-0.999,,0,"[{""name"": ""Top"", ""bestBid"": null, ""bestAsk"": 0.001}]",0.998
516878,will-ethereum-hit-5000-by-december-31-796-376,https://polymarket.com/event/will-ethereum-hit-5000-by-december-31-796-376,https://embed.polymarket.com/market.html?market=will-ethereum-hit-5000-by-december-31-796-376&features=volume&theme=light,"Will Ethereum hit $5,000 by December 31?",,"24h $94,850 • spread 0.007 • TTR 102.2d",4274151.085193,94850.296883,500,0,0.129,14.9133,2025-12-31T12:00:00+00:00,102.227,1,0.007,-0.257,0.7395,0,"[{""name"": ""Top"", ""bestBid"": 0.736, ""bestAsk"": 0.743}]",
573701,trump-putin-and-zelensky-meet-together-by-september-30,https://polymarket.com/event/trump-putin-and-zelensky-meet-together-by-september-30,https://embed.polymarket.com/market.html?market=trump-putin-and-zelensky-meet-together-by-september-30&features=volume&theme=light,"Trump, Putin, and Zelensky meet together by September 30?",,"24h $94,850 • spread 0.002 • TTR 9.7d",1467674.879262,94850.296883,500,0,0.129,14.9133,2025-09-30T00:00:00+00:00,9.727,1,0.002,-0.992,0.007,0,"[{""name"": ""Top"", ""bestBid"": 0.006, ""bestAsk"": 0.008}]",
540213,will-the-cleveland-browns-win-super-bowl-2026,https://polymarket.com/event/will-the-cleveland-browns-win-super-bowl-2026,https://embed.polymarket.com/market.html?market=will-the-cleveland-browns-win-super-bowl-2026&features=volume&theme=light,Will the Cleveland Browns win Super Bowl 2026?,,"24h $94,850 • spread 0.001 • TTR 141.2d",4503854.428911,94850.296883,500,0,0.129,14.9133,2026-02-08T12:00:00+00:00,141.227,1,0.001,-0.995,0.0045,0,"[{""name"": ""Top"", ""bestBid"": 0.004, ""bestAsk"": 0.005}]",
516863,will-bitcoin-reach-200000-by-december-31-2025,https://polymarket.com/event/will-bitcoin-reach-200000-by-december-31-2025,https://embed.polymarket.com/market.html?market=will-bitcoin-reach-200000-by-december-31-2025&features=volume&theme=light,"Will Bitcoin reach $200,000 by December 31, 2025?",,"24h $94,850 • spread 0.010 • TTR 102.2d",4060698.156788,94850.296883,500,0,0.129,14.9133,2025-12-31T12:00:00+00:00,102.227,1,0.01,-0.93,0.065,0,"[{""name"": ""Top"", ""bestBid"": 0.06, ""bestAsk"": 0.07}]",
517817,will-trump-acquire-greenland-in-2025,https://polymarket.com/event/will-trump-acquire-greenland-in-2025,https://embed.polymarket.com/market.html?market=will-trump-acquire-greenland-in-2025&features=volume&theme=light,Will Trump acquire Greenland in 2025?,,"24h $94,850 • spread 0.002 • TTR 102.2d",4054990.973188,94850.296883,500,0,0.129,14.9133,2025-12-31T12:00:00+00:00,102.227,1,0.002,-0.965,0.034,0,"[{""name"": ""Top"", ""bestBid"": 0.033, ""bestAsk"": 0.035}]",
538938,will-rudy-giuliani-win-the-2025-nyc-mayoral-election,https://polymarket.com/event/will-rudy-giuliani-win-the-2025-nyc-mayoral-election,https://embed.polymarket.com/market.html?market=will-rudy-giuliani-win-the-2025-nyc-mayoral-election&features=volume&theme=light,Will Rudy Giuliani win the 2025 NYC mayoral election?,,"24h $94,850 • spread 0.998 • TTR 45.2d",2869101.836589,94850.296883,500,0,0.129,14.9133,2025-11-04T12:00:00+00:00,45.227,1,0.998,-0.999,,0,"[{""name"": ""Top"", ""bestBid"": null, ""bestAsk"": 0.001}]",0.998
538936,will-andrew-yang-win-the-2025-nyc-mayoral-election,https://polymarket.com/event/will-andrew-yang-win-the-2025-nyc-mayoral-election,https://embed.polymarket.com/market.html?market=will-andrew-yang-win-the-2025-nyc-mayoral-election&features=volume&theme=light,Will Andrew Yang win the 2025 NYC mayoral election?,,"24h $95,332 • spread 0.998 • TTR 45.2d",2835504.75698,95332.985736,500,0,-0.1,-17.5439,2025-11-04T12:00:00+00:00,45.227,1,0.998,-0.999,,0,"[{""name"": ""Top"", ""bestBid"": null, ""bestAsk"": 0.001}]",0.998
540228,will-the-new-orleans-saints-win-super-bowl-2026,https://polymarket.com/event/will-the-new-orleans-saints-win-super-bowl-2026,https://embed.polymarket.com/market.html?market=will-the-new-orleans-saints-win-super-bowl-2026&features=volume&theme=light,Will the New Orleans Saints win Super Bowl 2026?,,"24h $95,332 • spread 0.001 • TTR 141.2d",4345906.354294,95332.985736,500,0,-0.1,-17.5439,2026-02-08T12:00:00+00:00,141.227,1,0.001,-0.994,0.0055,0,"[{""name"": ""Top"", ""bestBid"": 0.005, ""bestAsk"": 0.006}]",
521920,will-fit-u-hold-the-most-seats-in-the-chamber-of-deputies-following-the-2025-argentina-election,https://polymarket.com/event/will-fit-u-hold-the-most-seats-in-the-chamber-of-deputies-following-the-2025-argentina-election,https://embed.polymarket.com/market.html?market=will-fit-u-hold-the-most-seats-in-the-chamber-of-deputies-following-the-2025-argentina-election&features=volume&theme=light,Will FIT-U hold the most seats in the Chamber of Deputies following the 2025 Argentina election?,,"24h $95,332 • spread 0.001 • TTR 36.2d",2426527.219184,95332.985736,500,0,-0.1,-17.5439,2025-10-26T12:00:00+00:00,36.227,1,0.001,-0.997,0.0025,0,"[{""name"": ""Top"", ""bestBid"": 0.002, ""bestAsk"": 0.003}]",
540230,will-the-new-york-jets-win-super-bowl-2026,https://polymarket.com/event/will-the-new-york-jets-win-super-bowl-2026,https://embed.polymarket.com/market.html?market=will-the-new-york-jets-win-super-bowl-2026&features=volume&theme=light,Will the New York Jets win Super Bowl 2026?,,"24h $95,332 • spread 0.001 • TTR 141.2d",4145044.163246,95332.985736,500,0,-0.1,-17.5439,2026-02-08T12:00:00+00:00,141.227,1,0.001,-0.992,0.0075,0,"[{""name"": ""Top"", ""bestBid"": 0.007, ""bestAsk"": 0.008}]",
540229,will-the-new-york-giants-win-super-bowl-2026,https://polymarket.com/event/will-the-new-york-giants-win-super-bowl-2026,https://embed.polymarket.com/market.html?market=will-the-new-york-giants-win-super-bowl-2026&features=volume&theme=light,Will the New York Giants win Super Bowl 2026?,,"24h $95,332 • spread 0.001 • TTR 141.2d",4029987.474789,95332.985736,500,0,-0.1,-17.5439,2026-02-08T12:00:00+00:00,141.227,1,0.001,-0.995,0.0045,0,"[{""name"": ""Top"", ""bestBid"": 0.004, ""bestAsk"": 0.005}]",
530747,will-greens-win-the-most-seats-in-the-next-czech-parliamentary-election,https://polymarket.com/event/will-greens-win-the-most-seats-in-the-next-czech-parliamentary-election,https://embed.polymarket.com/market.html?market=will-greens-win-the-most-seats-in-the-next-czech-parliamentary-election&features=volume&theme=light,Will Greens win the most seats in the next Czech parliamentary election?,,"24h $95,332 • spread 0.998 • TTR 10.2d",1278313.450029,95332.985736,500,0,-0.1,-17.5439,2025-09-30T12:00:00+00:00,10.227,1,0.998,-0.998,,0,"[{""name"": ""Top"", ""bestBid"": null, ""bestAsk"": 0.002}]",0.998
525358,will-max-verstappen-be-the-2025-drivers-champion,https://polymarket.com/event/will-max-verstappen-be-the-2025-drivers-champion,https://embed.polymarket.com/market.html?market=will-max-verstappen-be-the-2025-drivers-champion&features=volume&theme=light,Will Max Verstappen be the 2025 Drivers Champion?,,"24h $95,260 • spread 0.003 • TTR 78.2d",3250479.580125,95260.148186,500,0,0.206851,27.2172,2025-12-07T12:00:00+00:00,78.227,1,0.003,-0.983,0.0155,0,"[{""name"": ""Top"", ""bestBid"": 0.014, ""bestAsk"": 0.017}]",
517018,will-thunderbolts-be-the-top-grossing-movie-of-2025,https://polymarket.com/event/will-thunderbolts-be-the-top-grossing-movie-of-2025,https://embed.polymarket.com/market.html?market=will-thunderbolts-be-the-top-grossing-movie-of-2025&features=volume&theme=light,Will Thunderbolts be the top grossing movie of 2025?,,"24h $95,260 • spread 0.001 • TTR 102.2d",3566466.846486,95260.148186,500,0,0.206851,27.2172,2025-12-31T12:00:00+00:00,102.227,1,0.001,-0.997,0.0025,0,"[{""name"": ""Top"", ""bestBid"": 0.002, ""bestAsk"": 0.003}]",
540236,will-the-tennessee-titans-win-super-bowl-2026,https://polymarket.com/event/will-the-tennessee-titans-win-super-bowl-2026,https://embed.polymarket.com/market.html?market=will-the-tennessee-titans-win-super-bowl-2026&features=volume&theme=light,Will the Tennessee Titans win Super Bowl 2026?,,"24h $97,396 • spread 0.001 • TTR 141.2d",3938167.154262,97396.866692,500,0,-0.428,-99.5349,2026-02-08T12:00:00+00:00,141.227,1,0.001,-0.994,0.0055,0,"[{""name"": ""Top"", ""bestBid"": 0.005, ""bestAsk"": 0.006}]",
543265,will-rodrigo-paz-win-the-2025-bolivia-presidential-election,https://polymarket.com/event/will-rodrigo-paz-win-the-2025-bolivia-presidential-election,https://embed.polymarket.com/market.html?market=will-rodrigo-paz-win-the-2025-bolivia-presidential-election&features=volume&theme=light,Will Rodrigo Paz win the 2025 Bolivia presidential election?,,"24h $97,396 • spread 0.010 • TTR 28.7d",2006711.639764,97396.866692,500,0,-0.428,-99.5349,2025-10-19T00:00:00+00:00,28.727,1,0.01,-0.292,0.703,0,"[{""name"": ""Top"", ""bestBid"": 0.698, ""bestAsk"": 0.708}]",
540225,will-the-miami-dolphins-win-super-bowl-2026,https://polymarket.com/event/will-the-miami-dolphins-win-super-bowl-2026,https://embed.polymarket.com/market.html?market=will-the-miami-dolphins-win-super-bowl-2026&features=volume&theme=light,Will the Miami Dolphins win Super Bowl 2026?,,"24h $97,396 • spread 0.001 • TTR 141.2d",3801630.933478,97396.866692,500,0,-0.428,-99.5349,2026-02-08T12:00:00+00:00,141.227,1,0.001,-0.992,0.0075,0,"[{""name"": ""Top"", ""bestBid"": 0.007, ""bestAsk"": 0.008}]",
525365,will-oscar-piastri-be-the-2025-drivers-champion,https://polymarket.com/event/will-oscar-piastri-be-the-2025-drivers-champion,https://embed.polymarket.com/market.html?market=will-oscar-piastri-be-the-2025-drivers-champion&features=volume&theme=light,Will Oscar Piastri be the 2025 Drivers Champion?,,"24h $97,396 • spread 0.012 • TTR 78.2d",3063216.186769,97396.866692,500,0,-0.428,-99.5349,2025-12-07T12:00:00+00:00,78.227,1,0.012,-0.215,0.779,0,"[{""name"": ""Top"", ""bestBid"": 0.773, ""bestAsk"": 0.785}]",
530746,will-stailo-win-the-most-seats-in-the-next-czech-parliamentary-election,https://polymarket.com/event/will-stailo-win-the-most-seats-in-the-next-czech-parliamentary-election,https://embed.polymarket.com/market.html?market=will-stailo-win-the-most-seats-in-the-next-czech-parliamentary-election&features=volume&theme=light,Will Stačilo! win the most seats in the next Czech parliamentary election?,,"24h $97,396 • spread 0.001 • TTR 10.2d",1125542.903279,97396.866692,500,0,-0.428,-99.5349,2025-09-30T12:00:00+00:00,10.227,1,0.001,-0.998,0.0015,0,"[{""name"": ""Top"", ""bestBid"": 0.001, ""bestAsk"": 0.002}]",
540222,will-the-las-vegas-raiders-win-super-bowl-2026,https://polymarket.com/event/will-the-las-vegas-raiders-win-super-bowl-2026,https://embed.polymarket.com/market.html?market=will-the-las-vegas-raiders-win-super-bowl-2026&features=volume&theme=light,Will the Las Vegas Raiders win Super Bowl 2026?,,"24h $97,396 • spread 0.001 • TTR 141.2d",3516286.108879,97396.866692,500,0,-0.428,-99.5349,2026-02-08T12:00:00+00:00,141.227,1,0.001,-0.993,0.0065,0,"[{""name"": ""Top"", ""bestBid"": 0.006, ""bestAsk"": 0.007}]",
516925,will-the-us-confirm-that-aliens-exist-in-2025,https://polymarket.com/event/will-the-us-confirm-that-aliens-exist-in-2025,https://embed.polymarket.com/market.html?market=will-the-us-confirm-that-aliens-exist-in-2025&features=volume&theme=light,Will the US confirm that aliens exist in 2025?,,"24h $97,456 • spread 0.002 • TTR 102.2d",3148857.205453,97456.866692,500,0,-0.467,-99.3617,2025-12-31T12:00:00+00:00,102.227,1,0.002,-0.949,0.05,0,"[{""name"": ""Top"", ""bestBid"": 0.049, ""bestAsk"": 0.051}]",
525413,will-the-arizona-diamondbacks-win-the-2025-world-series,https://polymarket.com/event/will-the-arizona-diamondbacks-win-the-2025-world-series,https://embed.polymarket.com/market.html?market=will-the-arizona-diamondbacks-win-the-2025-world-series&features=volume&theme=light,Will the Arizona Diamondbacks win the 2025 World Series?,,"24h $97,456 • spread 0.001 • TTR 41.2d",2073874.25944,97456.866692,500,0,-0.467,-99.3617,2025-10-31T12:00:00+00:00,41.227,1,0.001,-0.997,0.0025,0,"[{""name"": ""Top"", ""bestBid"": 0.002, ""bestAsk"": 0.003}]",
516877,will-ethereum-hit-6000-by-december-31-843-315,https://polymarket.com/event/will-ethereum-hit-6000-by-december-31-843-315,https://embed.polymarket.com/market.html?market=will-ethereum-hit-6000-by-december-31-843-315&features=volume&theme=light,"Will Ethereum hit $6,000 by December 31?",,"24h $97,397 • spread 0.020 • TTR 102.2d",3047503.913864,97397.557782,500,0,0.14,37.8378,2025-12-31T12:00:00+00:00,102.227,1,0.02,-0.6,0.39,0,"[{""name"": ""Top"", ""bestBid"": 0.38, ""bestAsk"": 0.4}]",
516862,will-bitcoin-reach-250000-by-december-31-2025,https://polymarket.com/event/will-bitcoin-reach-250000-by-december-31-2025,https://embed.polymarket.com/market.html?market=will-bitcoin-reach-250000-by-december-31-2025&features=volume&theme=light,"Will Bitcoin reach $250,000 by December 31, 2025?",,"24h $97,397 • spread 0.005 • TTR 102.2d",2996712.31874,97397.557782,500,0,0.14,37.8378,2025-12-31T12:00:00+00:00,102.227,1,0.005,-0.97,0.0275,0,"[{""name"": ""Top"", ""bestBid"": 0.025, ""bestAsk"": 0.03}]",
540210,will-the-carolina-panthers-win-super-bowl-2026,https://polymarket.com/event/will-the-carolina-panthers-win-super-bowl-2026,https://embed.polymarket.com/market.html?market=will-the-carolina-panthers-win-super-bowl-2026&features=volume&theme=light,Will the Carolina Panthers win Super Bowl 2026?,,"24h $97,397 • spread 0.001 • TTR 141.2d",3287100.478447,97397.557782,500,0,0.14,37.8378,2026-02-08T12:00:00+00:00,141.227,1,0.001,-0.994,0.0055,0,"[{""name"": ""Top"", ""bestBid"": 0.005, ""bestAsk"": 0.006}]",
584888,will-bitcoin-reach-150k-in-september,https://polymarket.com/event/will-bitcoin-reach-150k-in-september,https://embed.polymarket.com/market.html?market=will-bitcoin-reach-150k-in-september&features=volume&theme=light,Will Bitcoin reach $150K in September?,,"24h $97,397 • spread 0.001 • TTR 10.9d",1056300.428852,97397.557782,500,0,0.14,37.8378,2025-10-01T04:00:00+00:00,10.894,1,0.001,-0.997,0.0025,0,"[{""name"": ""Top"", ""bestBid"": 0.002, ""bestAsk"": 0.003}]",
525408,will-the-cincinnati-reds-win-the-2025-world-series,https://polymarket.com/event/will-the-cincinnati-reds-win-the-2025-world-series,https://embed.polymarket.com/market.html?market=will-the-cincinnati-reds-win-the-2025-world-series&features=volume&theme=light,Will the Cincinnati Reds win the 2025 World Series?,,"24h $97,397 • spread 0.001 • TTR 41.2d",1946490.881003,97397.557782,500,0,0.14,37.8378,2025-10-31T12:00:00+00:00,41.227,1,0.001,-0.995,0.0045,0,"[{""name"": ""Top"", ""bestBid"": 0.004, ""bestAsk"": 0.005}]",
540219,will-the-indianapolis-colts-win-super-bowl-2026,https://polymarket.com/event/will-the-indianapolis-colts-win-super-bowl-2026,https://embed.polymarket.com/market.html?market=will-the-indianapolis-colts-win-super-bowl-2026&features=volume&theme=light,Will the Indianapolis Colts win Super Bowl 2026?,,"24h $97,397 • spread 0.001 • TTR 141.2d",3173852.983665,97397.557782,500,0,0.14,37.8378,2026-02-08T12:00:00+00:00,141.227,1,0.001,-0.985,0.0145,0,"[{""name"": ""Top"", ""bestBid"": 0.014, ""bestAsk"": 0.015}]",
563398,will-eric-adams-drop-out,https://polymarket.com/event/will-eric-adams-drop-out,https://embed.polymarket.com/market.html?market=will-eric-adams-drop-out&features=volume&theme=light,Will Eric Adams drop out?,,"24h $97,397 • spread 0.010 • TTR 43.7d • ~50% mid",1981410.343592,97397.557782,500,0,0.14,37.8378,2025-11-03T00:00:00+00:00,43.727,1,0.01,-0.4,0.595,1,"[{""name"": ""Top"", ""bestBid"": 0.59, ""bestAsk"": 0.6}]",
530745,will-socdem-win-the-most-seats-in-the-next-czech-parliamentary-election,https://polymarket.com/event/will-socdem-win-the-most-seats-in-the-next-czech-parliamentary-election,https://embed.polymarket.com/market.html?market=will-socdem-win-the-most-seats-in-the-next-czech-parliamentary-election&features=volume&theme=light,Will SOCDEM win the most seats in the next Czech parliamentary election?,,"24h $97,397 • spread 0.001 • TTR 10.2d",975380.924748,97397.557782,500,0,0.14,37.8378,2025-09-30T12:00:00+00:00,10.227,1,0.001,-0.998,0.0015,0,"[{""name"": ""Top"", ""bestBid"": 0.001, ""bestAsk"": 0.002}]",
543262,will-jorge-tuto-quiroga-win-the-2025-bolivia-presidential-election,https://polymarket.com/event/will-jorge-tuto-quiroga-win-the-2025-bolivia-presidential-election,https://embed.polymarket.com/market.html?market=will-jorge-tuto-quiroga-win-the-2025-bolivia-presidential-election&features=volume&theme=light,Will Jorge “Tuto” Quiroga win the 2025 Bolivia presidential election?,,"24h $84,095 • spread 0.020 • TTR 28.7d",1553682.657226,84095.091211,500,0,-0.439,-43.9439,2025-10-19T00:00:00+00:00,28.727,1,0.02,-0.69,0.3,0,"[{""name"": ""Top"", ""bestBid"": 0.29, ""bestAsk"": 0.31}]",
540227,will-the-new-england-patriots-win-super-bowl-2026,https://polymarket.com/event/will-the-new-england-patriots-win-super-bowl-2026,https://embed.polymarket.com/market.html?market=will-the-new-england-patriots-win-super-bowl-2026&features=volume&theme=light,Will the New England Patriots win Super Bowl 2026?,,"24h $84,095 • spread 0.001 • TTR 141.2d",2985345.219145,84095.091211,500,0,-0.439,-43.9439,2026-02-08T12:00:00+00:00,141.227,1,0.001,-0.991,0.0085,0,"[{""name"": ""Top"", ""bestBid"": 0.008, ""bestAsk"": 0.009}]",
527060,will-ousmane-dembele-win-the-2025-ballon-dor,https://polymarket.com/event/will-ousmane-dembele-win-the-2025-ballon-dor,https://embed.polymarket.com/market.html?market=will-ousmane-dembele-win-the-2025-ballon-dor&features=volume&theme=light,Will Ousmane Dembele win the 2025 Ballon d'Or?,,"24h $84,095 • spread 0.007 • TTR 36.2d",1705428.03807,84095.091211,500,0,-0.439,-43.9439,2025-10-26T12:00:00+00:00,36.227,1,0.007,-0.108,0.8885,0,"[{""name"": ""Top"", ""bestBid"": 0.885, ""bestAsk"": 0.892}]",
530742,will-pirates-win-the-most-seats-in-the-next-czech-parliamentary-election,https://polymarket.com/event/will-pirates-win-the-most-seats-in-the-next-czech-parliamentary-election,https://embed.polymarket.com/market.html?market=will-pirates-win-the-most-seats-in-the-next-czech-parliamentary-election&features=volume&theme=light,Will Pirates win the most seats in the next Czech parliamentary election?,,"24h $84,085 • spread 0.001 • TTR 10.2d",936032.122693,84085.332211,500,0,-0.003,-0.3003,2025-09-30T12:00:00+00:00,10.227,1,0.001,-0.998,0.0015,0,"[{""name"": ""Top"", ""bestBid"": 0.001, ""bestAsk"": 0.002}]",
561251,will-lebron-james-win-the-2028-us-presidential-election,https://polymarket.com/event/will-lebron-james-win-the-2028-us-presidential-election,https://embed.polymarket.com/market.html?market=will-lebron-james-win-the-2028-us-presidential-election&features=volume&theme=light,Will LeBron James win the 2028 US Presidential Election?,,"24h $84,085 • spread 0.001 • TTR 1143.7d",3889368.784256,84085.332211,500,0,-0.003,-0.3003,2028-11-07T00:00:00+00:00,1143.727,1,0.001,-0.993,0.0065,0,"[{""name"": ""Top"", ""bestBid"": 0.006, ""bestAsk"": 0.007}]",
517016,will-captain-america-new-world-order-be-the-top-grossing-movie-of-2025,https://polymarket.com/event/will-captain-america-new-world-order-be-the-top-grossing-movie-of-2025,https://embed.polymarket.com/market.html?market=will-captain-america-new-world-order-be-the-top-grossing-movie-of-2025&features=volume&theme=light,Will Captain America: Brave New World be the top grossing movie of 2025?,,"24h $84,085 • spread 0.001 • TTR 102.2d",2595839.881722,84085.332211,500,0,-0.003,-0.3003,2025-12-31T12:00:00+00:00,102.227,1,0.001,-0.998,0.0015,0,"[{""name"": ""Top"", ""bestBid"": 0.001, ""bestAsk"": 0.002}]",
581249,lisa-cook-out-as-fed-governor-by-december-31,https://polymarket.com/event/lisa-cook-out-as-fed-governor-by-december-31,https://embed.polymarket.com/market.html?market=lisa-cook-out-as-fed-governor-by-december-31&features=volume&theme=light,Lisa Cook out as Fed Governor by December 31?,,"24h $84,085 • spread 0.020 • TTR 9.7d",897226.538316,84085.332211,500,0,-0.003,-0.3003,2025-09-30T00:00:00+00:00,9.727,1,0.02,-0.73,0.26,0,"[{""name"": ""Top"", ""bestBid"": 0.25, ""bestAsk"": 0.27}]",
516874,will-ethereum-hit-10000-by-december-31-218-525,https://polymarket.com/event/will-ethereum-hit-10000-by-december-31-218-525,https://embed.polymarket.com/market.html?market=will-ethereum-hit-10000-by-december-31-218-525&features=volume&theme=light,"Will Ethereum hit $10,000 by December 31?",,"24h $84,085 • spread 0.012 • TTR 102.2d",2570979.534878,84085.332211,500,0,-0.003,-0.3003,2025-12-31T12:00:00+00:00,102.227,1,0.012,-0.929,0.065,0,"[{""name"": ""Top"", ""bestBid"": 0.059, ""bestAsk"": 0.071}]",
516865,will-bitcoin-reach-130000-by-december-31-2025-911-832,https://polymarket.com/event/will-bitcoin-reach-130000-by-december-31-2025-911-832,https://embed.polymarket.com/market.html?market=will-bitcoin-reach-130000-by-december-31-2025-911-832&features=volume&theme=light,"Will Bitcoin reach $130,000 by December 31, 2025?",,"24h $83,490 • spread 0.010 • TTR 102.2d • ~50% mid",2570277.053836,83490.900028,500,0,0.431,84.5098,2025-12-31T12:00:00+00:00,102.227,1,0.01,-0.41,0.585,1,"[{""name"": ""Top"", ""bestBid"": 0.58, ""bestAsk"": 0.59}]",
530744,will-auto-win-the-most-seats-in-the-next-czech-parliamentary-election,https://polymarket.com/event/will-auto-win-the-most-seats-in-the-next-czech-parliamentary-election,https://embed.polymarket.com/market.html?market=will-auto-win-the-most-seats-in-the-next-czech-parliamentary-election&features=volume&theme=light,Will AUTO win the most seats in the next Czech parliamentary election?,,"24h $83,490 • spread 0.001 • TTR 10.2d",904095.295809,83490.900028,500,0,0.431,84.5098,2025-09-30T12:00:00+00:00,10.227,1,0.001,-0.998,0.0015,0,"[{""name"": ""Top"", ""bestBid"": 0.001, ""bestAsk"": 0.002}]",
516871,will-bitcoin-dip-to-70000-by-december-31-2025-193-726-878,https://polymarket.com/event/will-bitcoin-dip-to-70000-by-december-31-2025-193-726-878,https://embed.polymarket.com/market.html?market=will-bitcoin-dip-to-70000-by-december-31-2025-193-726-878&features=volume&theme=light,"Will Bitcoin dip to $70,000 by December 31, 2025?",,"24h $83,490 • spread 0.010 • TTR 102.2d",2543777.950124,83490.740028,500,0,0.482,94.5098,2025-12-31T12:00:00+00:00,102.227,1,0.01,-0.91,0.085,0,"[{""name"": ""Top"", ""bestBid"": 0.08, ""bestAsk"": 0.09}]",
584892,will-bitcoin-reach-120k-in-september,https://polymarket.com/event/will-bitcoin-reach-120k-in-september,https://embed.polymarket.com/market.html?market=will-bitcoin-reach-120k-in-september&features=volume&theme=light,Will Bitcoin reach $120K in September?,,"24h $83,712 • spread 0.030 • TTR 10.9d • ~50% mid",917840.122897,83712.714487,500,0,0.135,15.625,2025-10-01T04:00:00+00:00,10.894,1,0.03,-0.58,0.405,1,"[{""name"": ""Top"", ""bestBid"": 0.39, ""bestAsk"": 0.42}]",
521917,will-pro-hold-the-most-seats-in-the-chamber-of-deputies-following-the-2025-argentina-election,https://polymarket.com/event/will-pro-hold-the-most-seats-in-the-chamber-of-deputies-following-the-2025-argentina-election,https://embed.polymarket.com/market.html?market=will-pro-hold-the-most-seats-in-the-chamber-of-deputies-following-the-2025-argentina-election&features=volume&theme=light,Will PRO hold the most seats in the Chamber of Deputies following the 2025 Argentina election?,,"24h $83,712 • spread 0.001 • TTR 36.2d",1583370.931185,83712.714487,500,0,0.135,15.625,2025-10-26T12:00:00+00:00,36.227,1,0.001,-0.996,0.0035,0,"[{""name"": ""Top"", ""bestBid"": 0.003, ""bestAsk"": 0.004}]",
521878,us-x-iran-nuclear-deal-in-2025,https://polymarket.com/event/us-x-iran-nuclear-deal-in-2025,https://embed.polymarket.com/market.html?market=us-x-iran-nuclear-deal-in-2025&features=volume&theme=light,US-Iran nuclear deal in 2025?,,"24h $83,712 • spread 0.020 • TTR 102.2d",2475180.574248,83712.714487,500,0,0.135,15.625,2025-12-31T12:00:00+00:00,102.227,1,0.02,-0.85,0.14,0,"[{""name"": ""Top"", ""bestBid"": 0.13, ""bestAsk"": 0.15}]",
525394,will-the-kansas-city-royals-win-the-2025-world-series,https://polymarket.com/event/will-the-kansas-city-royals-win-the-2025-world-series,https://embed.polymarket.com/market.html?market=will-the-kansas-city-royals-win-the-2025-world-series&features=volume&theme=light,Will the Kansas City Royals win the 2025 World Series?,,"24h $83,712 • spread 0.998 • TTR 41.2d",1659335.45395,83712.714487,500,0,0.135,15.625,2025-10-31T12:00:00+00:00,41.227,1,0.998,-0.999,,0,"[{""name"": ""Top"", ""bestBid"": null, ""bestAsk"": 0.001}]",0.998
541647,israel-x-hamas-ceasefire-before-2026,https://polymarket.com/event/israel-x-hamas-ceasefire-before-2026,https://embed.polymarket.com/market.html?market=israel-x-hamas-ceasefire-before-2026&features=volume&theme=light,Israel x Hamas ceasefire before 2026?,,"24h $83,712 • spread 0.006 • TTR 102.2d",2447160.589902,83712.714487,500,0,0.135,15.625,2025-12-31T12:00:00+00:00,102.227,1,0.006,-0.709,0.288,0,"[{""name"": ""Top"", ""bestBid"": 0.285, ""bestAsk"": 0.291}]",
530743,will-psaha-win-the-most-seats-in-the-next-czech-parliamentary-election,https://polymarket.com/event/will-psaha-win-the-most-seats-in-the-next-czech-parliamentary-election,https://embed.polymarket.com/market.html?market=will-psaha-win-the-most-seats-in-the-next-czech-parliamentary-election&features=volume&theme=light,Will Přísaha win the most seats in the next Czech parliamentary election?,,"24h $83,950 • spread 0.001 • TTR 10.2d",850883.363992,83950.217537,500,0,-0.302836,-32.1197,2025-09-30T12:00:00+00:00,10.227,1,0.001,-0.998,0.0015,0,"[{""name"": ""Top"", ""bestBid"": 0.001, ""bestAsk"": 0.002}]",
519695,will-iran-close-the-strait-of-hormuz-in-2025,https://polymarket.com/event/will-iran-close-the-strait-of-hormuz-in-2025,https://embed.polymarket.com/market.html?market=will-iran-close-the-strait-of-hormuz-in-2025&features=volume&theme=light,Will Iran close the Strait of Hormuz in 2025?,,"24h $83,933 • spread 0.010 • TTR 102.2d",2373823.606858,83933.760195,500,0,0.2,42.5532,2025-12-31T12:00:00+00:00,102.227,1,0.01,-0.91,0.085,0,"[{""name"": ""Top"", ""bestBid"": 0.08, ""bestAsk"": 0.09}]",
517855,will-trump-be-impeached-in-2025,https://polymarket.com/event/will-trump-be-impeached-in-2025,https://embed.polymarket.com/market.html?market=will-trump-be-impeached-in-2025&features=volume&theme=light,Will Trump be impeached in 2025?,,"24h $83,950 • spread 0.005 • TTR 102.2d",2333546.737073,83950.217537,500,0,-0.302836,-32.1197,2025-12-31T12:00:00+00:00,102.227,1,0.005,-0.964,0.0335,0,"[{""name"": ""Top"", ""bestBid"": 0.031, ""bestAsk"": 0.036}]",
525390,will-the-cleveland-guardians-win-the-2025-world-series,https://polymarket.com/event/will-the-cleveland-guardians-win-the-2025-world-series,https://embed.polymarket.com/market.html?market=will-the-cleveland-guardians-win-the-2025-world-series&features=volume&theme=light,Will the Cleveland Guardians win the 2025 World Series?,,"24h $83,950 • spread 0.006 • TTR 41.2d",1581866.746095,83950.217537,500,0,-0.302836,-32.1197,2025-10-31T12:00:00+00:00,41.227,1,0.006,-0.988,0.009,0,"[{""name"": ""Top"", ""bestBid"": 0.006, ""bestAsk"": 0.012}]",
516727,will-4-fed-rate-cuts-happen-in-2025,https://polymarket.com/event/will-4-fed-rate-cuts-happen-in-2025,https://embed.polymarket.com/market.html?market=will-4-fed-rate-cuts-happen-in-2025&features=volume&theme=light,Will 4 Fed rate cuts happen in 2025?,,"24h $83,950 • spread 0.003 • TTR 81.2d",2112919.375884,83950.217537,500,0,-0.302836,-32.1197,2025-12-10T12:00:00+00:00,81.227,1,0.003,-0.944,0.0545,0,"[{""name"": ""Top"", ""bestBid"": 0.053, ""bestAsk"": 0.056}]",
584890,will-bitcoin-reach-130k-in-september,https://polymarket.com/event/will-bitcoin-reach-130k-in-september,https://embed.polymarket.com/market.html?market=will-bitcoin-reach-130k-in-september&features=volume&theme=light,Will Bitcoin reach $130K in September?,,"24h $83,950 • spread 0.009 • TTR 10.9d",819718.331044,83950.217537,500,0,-0.302836,-32.1197,2025-10-01T04:00:00+00:00,10.894,1,0.009,-0.961,0.0345,0,"[{""name"": ""Top"", ""bestBid"": 0.03, ""bestAsk"": 0.039}]",
516861,will-bitcoin-reach-1000000-by-december-31-2025,https://polymarket.com/event/will-bitcoin-reach-1000000-by-december-31-2025,https://embed.polymarket.com/market.html?market=will-bitcoin-reach-1000000-by-december-31-2025&features=volume&theme=light,"Will Bitcoin reach $1,000,000 by December 31, 2025?",,"24h $83,950 • spread 0.003 • TTR 102.2d",2255732.647669,83950.217537,500,0,-0.302836,-32.1197,2025-12-31T12:00:00+00:00,102.227,1,0.003,-0.988,0.0105,0,"[{""name"": ""Top"", ""bestBid"": 0.009, ""bestAsk"": 0.012}]",
529276,will-conor-mcgregor-win-the-irish-presidential-election,https://polymarket.com/event/will-conor-mcgregor-win-the-irish-presidential-election,https://embed.polymarket.com/market.html?market=will-conor-mcgregor-win-the-irish-presidential-election&features=volume&theme=light,Will Conor McGregor win the Irish Presidential Election?,,"24h $83,950 • spread 0.001 • TTR 52.2d",1697449.377352,83950.217537,500,0,-0.302836,-32.1197,2025-11-11T12:00:00+00:00,52.227,1,0.001,-0.991,0.0085,0,"[{""name"": ""Top"", ""bestBid"": 0.008, ""bestAsk"": 0.009}]",
530741,will-spd-win-the-most-seats-in-the-next-czech-parliamentary-election,https://polymarket.com/event/will-spd-win-the-most-seats-in-the-next-czech-parliamentary-election,https://embed.polymarket.com/market.html?market=will-spd-win-the-most-seats-in-the-next-czech-parliamentary-election&features=volume&theme=light,Will SPD win the most seats in the next Czech parliamentary election?,,"24h $83,814 • spread 0.001 • TTR 10.2d",791081.831107,83814.172964,500,0,0.2,52.6316,2025-09-30T12:00:00+00:00,10.227,1,0.001,-0.997,0.0025,0,"[{""name"": ""Top"", ""bestBid"": 0.002, ""bestAsk"": 0.003}]",
516724,will-1-fed-rate-cut-happen-in-2025,https://polymarket.com/event/will-1-fed-rate-cut-happen-in-2025,https://embed.polymarket.com/market.html?market=will-1-fed-rate-cut-happen-in-2025&features=volume&theme=light,Will 1 Fed rate cut happen in 2025?,,"24h $83,814 • spread 0.005 • TTR 81.2d",2042541.060568,83814.172964,500,0,0.2,52.6316,2025-12-10T12:00:00+00:00,81.227,1,0.005,-0.956,0.0415,0,"[{""name"": ""Top"", ""bestBid"": 0.039, ""bestAsk"": 0.044}]",
553811,fed-decreases-interest-rates-by-25-bps-after-october-2025-meeting,https://polymarket.com/event/fed-decreases-interest-rates-by-25-bps-after-october-2025-meeting,https://embed.polymarket.com/market.html?market=fed-decreases-interest-rates-by-25-bps-after-october-2025-meeting&features=volume&theme=light,Fed decreases interest rates by 25 bps after October 2025 meeting?,,"24h $83,814 • spread 0.010 • TTR 39.2d",1464632.937409,83814.172964,500,0,0.2,52.6316,2025-10-29T12:00:00+00:00,39.227,1,0.01,-0.14,0.855,0,"[{""name"": ""Top"", ""bestBid"": 0.85, ""bestAsk"": 0.86}]",
516876,will-ethereum-hit-7000-by-december-31-733-852,https://polymarket.com/event/will-ethereum-hit-7000-by-december-31-733-852,https://embed.polymarket.com/market.html?market=will-ethereum-hit-7000-by-december-31-733-852&features=volume&theme=light,"Will Ethereum hit $7,000 by December 31?",,"24h $83,814 • spread 0.010 • TTR 102.2d",2208332.677183,83814.172964,500,0,0.2,52.6316,2025-12-31T12:00:00+00:00,102.227,1,0.01,-0.8,0.195,0,"[{""name"": ""Top"", ""bestBid"": 0.19, ""bestAsk"": 0.2}]",
525364,will-lando-norris-be-the-2025-drivers-champion,https://polymarket.com/event/will-lando-norris-be-the-2025-drivers-champion,https://embed.polymarket.com/market.html?market=will-lando-norris-be-the-2025-drivers-champion&features=volume&theme=light,Will Lando Norris be the 2025 Drivers Champion?,,"24h $83,814 • spread 0.020 • TTR 78.2d",1980620.960884,83814.172964,500,0,0.2,52.6316,2025-12-07T12:00:00+00:00,78.227,1,0.02,-0.8,0.19,0,"[{""name"": ""Top"", ""bestBid"": 0.18, ""bestAsk"": 0.2}]",
521919,will-hnp-hold-the-most-seats-in-the-chamber-of-deputies-following-the-2025-argentina-election,https://polymarket.com/event/will-hnp-hold-the-most-seats-in-the-chamber-of-deputies-following-the-2025-argentina-election,https://embed.polymarket.com/market.html?market=will-hnp-hold-the-most-seats-in-the-chamber-of-deputies-following-the-2025-argentina-election&features=volume&theme=light,Will HNP hold the most seats in the Chamber of Deputies following the 2025 Argentina election?,,"24h $83,784 • spread 0.001 • TTR 36.2d",1382872.611208,83784.927079,500,0,0.315,46.3235,2025-10-26T12:00:00+00:00,36.227,1,0.001,-0.997,0.0025,0,"[{""name"": ""Top"", ""bestBid"": 0.002, ""bestAsk"": 0.003}]",
553374,will-the-iranian-regime-fall-in-2025,https://polymarket.com/event/will-the-iranian-regime-fall-in-2025,https://embed.polymarket.com/market.html?market=will-the-iranian-regime-fall-in-2025&features=volume&theme=light,Will the Iranian regime fall in 2025?,,"24h $83,784 • spread 0.010 • TTR 101.7d",2150809.537353,83784.927079,500,0,0.315,46.3235,2025-12-31T00:00:00+00:00,101.727,1,0.01,-0.93,0.065,0,"[{""name"": ""Top"", ""bestBid"": 0.06, ""bestAsk"": 0.07}]",
540220,will-the-jacksonville-jaguars-win-super-bowl-2026,https://polymarket.com/event/will-the-jacksonville-jaguars-win-super-bowl-2026,https://embed.polymarket.com/market.html?market=will-the-jacksonville-jaguars-win-super-bowl-2026&features=volume&theme=light,Will the Jacksonville Jaguars win Super Bowl 2026?,,"24h $83,784 • spread 0.001 • TTR 141.2d",2325890.814834,83784.927079,500,0,0.315,46.3235,2026-02-08T12:00:00+00:00,141.227,1,0.001,-0.991,0.0085,0,"[{""name"": ""Top"", ""bestBid"": 0.008, ""bestAsk"": 0.009}]",
517021,will-movie-a-be-the-top-grossing-movie-of-2025,https://polymarket.com/event/will-movie-a-be-the-top-grossing-movie-of-2025,https://embed.polymarket.com/market.html?market=will-movie-a-be-the-top-grossing-movie-of-2025&features=volume&theme=light,Will Lilo & Stitch be the top grossing movie of 2025?,,"24h $84,197 • spread 0.001 • TTR 102.2d",2088092.534507,84197.554504,500,0,-0.621,-65.2997,2025-12-31T12:00:00+00:00,102.227,1,0.001,-0.932,0.0675,0,"[{""name"": ""Top"", ""bestBid"": 0.067, ""bestAsk"": 0.068}]",
592190,russian-strike-on-poland-by-september-30,https://polymarket.com/event/russian-strike-on-poland-by-september-30,https://embed.polymarket.com/market.html?market=russian-strike-on-poland-by-september-30&features=volume&theme=light,Russian strike on Poland by September 30?,,"24h $84,182 • spread 0.003 • TTR 9.7d",723075.476692,84182.434504,500,0,0.144,16.9412,2025-09-30T00:00:00+00:00,9.727,1,0.003,-0.956,0.0425,0,"[{""name"": ""Top"", ""bestBid"": 0.041, ""bestAsk"": 0.044}]",
521918,will-ucr-hold-the-most-seats-in-the-chamber-of-deputies-following-the-2025-argentina-election,https://polymarket.com/event/will-ucr-hold-the-most-seats-in-the-chamber-of-deputies-following-the-2025-argentina-election,https://embed.polymarket.com/market.html?market=will-ucr-hold-the-most-seats-in-the-chamber-of-deputies-following-the-2025-argentina-election&features=volume&theme=light,Will UCR hold the most seats in the Chamber of Deputies following the 2025 Argentina election?,,"24h $84,182 • spread 0.001 • TTR 36.2d",1314353.975116,84182.434504,500,0,0.144,16.9412,2025-10-26T12:00:00+00:00,36.227,1,0.001,-0.997,0.0025,0,"[{""name"": ""Top"", ""bestBid"": 0.002, ""bestAsk"": 0.003}]",
543260,will-samuel-doria-medina-win-the-2025-bolivia-presidential-election,https://polymarket.com/event/will-samuel-doria-medina-win-the-2025-bolivia-presidential-election,https://embed.polymarket.com/market.html?market=will-samuel-doria-medina-win-the-2025-bolivia-presidential-election&features=volume&theme=light,Will Samuel Doria Medina win the 2025 Bolivia presidential election?,,"24h $84,182 • spread 0.998 • TTR 28.7d",1151540.416818,84182.434504,500,0,0.144,16.9412,2025-10-19T00:00:00+00:00,28.727,1,0.998,-0.999,,0,"[{""name"": ""Top"", ""bestBid"": null, ""bestAsk"": 0.001}]",0.998
540207,will-the-atlanta-falcons-win-super-bowl-2026,https://polymarket.com/event/will-the-atlanta-falcons-win-super-bowl-2026,https://embed.polymarket.com/market.html?market=will-the-atlanta-falcons-win-super-bowl-2026&features=volume&theme=light,Will the Atlanta Falcons win Super Bowl 2026?,,"24h $84,182 • spread 0.002 • TTR 141.2d",2240330.531033,84182.434504,500,0,0.144,16.9412,2026-02-08T12:00:00+00:00,141.227,1,0.002,-0.987,0.012,0,"[{""name"": ""Top"", ""bestBid"": 0.011, ""bestAsk"": 0.013}]",
527052,will-robert-lewandowski-win-the-2025-ballon-dor,https://polymarket.com/event/will-robert-lewandowski-win-the-2025-ballon-dor,https://embed.polymarket.com/market.html?market=will-robert-lewandowski-win-the-2025-ballon-dor&features=volume&theme=light,Will Robert Lewandowski win the 2025 Ballon d'Or?,,"24h $84,182 • spread 0.998 • TTR 36.2d",1282749.240076,84182.434504,500,0,0.144,16.9412,2025-10-26T12:00:00+00:00,36.227,1,0.998,-0.999,,0,"[{""name"": ""Top"", ""bestBid"": null, ""bestAsk"": 0.001}]",0.998
516726,will-3-fed-rate-cuts-happen-in-2025,https://polymarket.com/event/will-3-fed-rate-cuts-happen-in-2025,https://embed.polymarket.com/market.html?market=will-3-fed-rate-cuts-happen-in-2025&features=volume&theme=light,Will 3 Fed rate cuts happen in 2025?,,"24h $84,182 • spread 0.010 • TTR 81.2d",1842082.836032,84182.434504,500,0,0.144,16.9412,2025-12-10T12:00:00+00:00,81.227,1,0.01,-0.33,0.665,0,"[{""name"": ""Top"", ""bestBid"": 0.66, ""bestAsk"": 0.67}]",
530738,will-ano-win-the-most-seats-in-the-next-czech-parliamentary-election,https://polymarket.com/event/will-ano-win-the-most-seats-in-the-next-czech-parliamentary-election,https://embed.polymarket.com/market.html?market=will-ano-win-the-most-seats-in-the-next-czech-parliamentary-election&features=volume&theme=light,Will ANO win the most seats in the next Czech parliamentary election?,,"24h $84,182 • spread 0.002 • TTR 10.2d",708415.961084,84182.434504,500,0,0.144,16.9412,2025-09-30T12:00:00+00:00,10.227,1,0.002,-0.012,0.987,0,"[{""name"": ""Top"", ""bestBid"": 0.986, ""bestAsk"": 0.988}]",
553810,fed-decreases-interest-rates-by-50-bps-after-october-2025-meeting,https://polymarket.com/event/fed-decreases-interest-rates-by-50-bps-after-october-2025-meeting,https://embed.polymarket.com/market.html?market=fed-decreases-interest-rates-by-50-bps-after-october-2025-meeting&features=volume&theme=light,Fed decreases interest rates by 50+ bps after October 2025 meeting?,,"24h $87,993 • spread 0.002 • TTR 39.2d",1275906.250387,87993.59943,500,0,-0.638,-63.9279,2025-10-29T12:00:00+00:00,39.227,1,0.002,-0.954,0.045,0,"[{""name"": ""Top"", ""bestBid"": 0.044, ""bestAsk"": 0.046}]",
530879,will-the-new-york-yankees-win-the-al-east-division,https://polymarket.com/event/will-the-new-york-yankees-win-the-al-east-division,https://embed.polymarket.com/market.html?market=will-the-new-york-yankees-win-the-al-east-division&features=volume&theme=light,Will the New York Yankees win the AL East Division?,,"24h $87,993 • spread 0.120 • TTR 9.2d",654436.18306,87993.59943,500,0,-0.638,-63.9279,2025-09-29T12:00:00+00:00,9.227,1,0.12,-0.81,0.13,0,"[{""name"": ""Top"", ""bestBid"": 0.07, ""bestAsk"": 0.19}]",
545879,will-putin-meet-with-zelenskyy-in-2025,https://polymarket.com/event/will-putin-meet-with-zelenskyy-in-2025,https://embed.polymarket.com/market.html?market=will-putin-meet-with-zelenskyy-in-2025&features=volume&theme=light,Will Putin meet with Zelenskyy in 2025?,,"24h $87,993 • spread 0.010 • TTR 102.2d",1916337.927548,87993.59943,500,0,-0.638,-63.9279,2025-12-31T12:00:00+00:00,102.227,1,0.01,-0.86,0.135,0,"[{""name"": ""Top"", ""bestBid"": 0.13, ""bestAsk"": 0.14}]",
530740,will-stan-win-the-most-seats-in-the-next-czech-parliamentary-election,https://polymarket.com/event/will-stan-win-the-most-seats-in-the-next-czech-parliamentary-election,https://embed.polymarket.com/market.html?market=will-stan-win-the-most-seats-in-the-next-czech-parliamentary-election&features=volume&theme=light,Will STAN win the most seats in the next Czech parliamentary election?,,"24h $87,993 • spread 0.001 • TTR 10.2d",666816.266935,87993.59943,500,0,-0.638,-63.9279,2025-09-30T12:00:00+00:00,10.227,1,0.001,-0.997,0.0025,0,"[{""name"": ""Top"", ""bestBid"": 0.002, ""bestAsk"": 0.003}]",
525412,will-the-san-francisco-giants-win-the-2025-world-series,https://polymarket.com/event/will-the-san-francisco-giants-win-the-2025-world-series,https://embed.polymarket.com/market.html?market=will-the-san-francisco-giants-win-the-2025-world-series&features=volume&theme=light,Will the San Francisco Giants win the 2025 World Series?,,"24h $87,993 • spread 0.001 • TTR 41.2d",1271168.63366,87993.59943,500,0,-0.638,-63.9279,2025-10-31T12:00:00+00:00,41.227,1,0.001,-0.998,0.0015,0,"[{""name"": ""Top"", ""bestBid"": 0.001, ""bestAsk"": 0.002}]",
566331,will-polymarket-us-go-live-in-2025,https://polymarket.com/event/will-polymarket-us-go-live-in-2025,https://embed.polymarket.com/market.html?market=will-polymarket-us-go-live-in-2025&features=volume&theme=light,Will Polymarket US go live in 2025?,,"24h $87,993 • spread 0.005 • TTR 101.7d",1871308.811015,87993.59943,500,0,-0.638,-63.9279,2025-12-31T00:00:00+00:00,101.727,1,0.005,-0.043,0.9545,0,"[{""name"": ""Top"", ""bestBid"": 0.952, ""bestAsk"": 0.957}]",
516725,will-2-fed-rate-cuts-happen-in-2025,https://polymarket.com/event/will-2-fed-rate-cuts-happen-in-2025,https://embed.polymarket.com/market.html?market=will-2-fed-rate-cuts-happen-in-2025&features=volume&theme=light,Will 2 Fed rate cuts happen in 2025?,,"24h $87,993 • spread 0.020 • TTR 81.2d",1718598.067679,87993.59943,500,0,-0.638,-63.9279,2025-12-10T12:00:00+00:00,81.227,1,0.02,-0.77,0.22,0,"[{""name"": ""Top"", ""bestBid"": 0.21, ""bestAsk"": 0.23}]",
559684,will-chelsea-clinton-win-the-2028-democratic-presidential-nomination,https://polymarket.com/event/will-chelsea-clinton-win-the-2028-democratic-presidential-nomination,https://embed.polymarket.com/market.html?market=will-chelsea-clinton-win-the-2028-democratic-presidential-nomination&features=volume&theme=light,Will Chelsea Clinton win the 2028 Democratic presidential nomination?,,"24h $87,992 • spread 0.001 • TTR 1143.7d",2749234.474158,87992.442219,500,0,-0.588,-58.9178,2028-11-07T00:00:00+00:00,1143.727,1,0.001,-0.997,0.0025,0,"[{""name"": ""Top"", ""bestBid"": 0.002, ""bestAsk"": 0.003}]",
584889,will-bitcoin-reach-135k-in-september,https://polymarket.com/event/will-bitcoin-reach-135k-in-september,https://embed.polymarket.com/market.html?market=will-bitcoin-reach-135k-in-september&features=volume&theme=light,Will Bitcoin reach $135K in September?,,"24h $88,041 • spread 0.005 • TTR 10.9d",666762.685797,88041.232402,500,0,-0.278,-27.8557,2025-10-01T04:00:00+00:00,10.894,1,0.005,-0.985,0.0125,0,"[{""name"": ""Top"", ""bestBid"": 0.01, ""bestAsk"": 0.015}]",
585593,trump-out-as-president-in-2025,https://polymarket.com/event/trump-out-as-president-in-2025,https://embed.polymarket.com/market.html?market=trump-out-as-president-in-2025&features=volume&theme=light,Trump out as President in 2025?,,"24h $88,041 • spread 0.010 • TTR 101.7d",1830634.034477,88041.232402,500,0,-0.278,-27.8557,2025-12-31T00:00:00+00:00,101.727,1,0.01,-0.94,0.055,0,"[{""name"": ""Top"", ""bestBid"": 0.05, ""bestAsk"": 0.06}]",
516875,will-ethereum-hit-8000-by-december-31-124-489,https://polymarket.com/event/will-ethereum-hit-8000-by-december-31-124-489,https://embed.polymarket.com/market.html?market=will-ethereum-hit-8000-by-december-31-124-489&features=volume&theme=light,"Will Ethereum hit $8,000 by December 31?",,"24h $88,041 • spread 0.030 • TTR 102.2d",1796597.867775,88041.232402,500,0,-0.278,-27.8557,2025-12-31T12:00:00+00:00,102.227,1,0.03,-0.86,0.125,0,"[{""name"": ""Top"", ""bestBid"": 0.11, ""bestAsk"": 0.14}]",
516938,will-2025-be-the-hottest-year-on-record,https://polymarket.com/event/will-2025-be-the-hottest-year-on-record,https://embed.polymarket.com/market.html?market=will-2025-be-the-hottest-year-on-record&features=volume&theme=light,Will 2025 be the hottest year on record?,,"24h $88,041 • spread 0.004 • TTR 102.2d",1749170.097998,88041.232402,500,0,-0.278,-27.8557,2025-12-31T12:00:00+00:00,102.227,1,0.004,-0.977,0.021,0,"[{""name"": ""Top"", ""bestBid"": 0.019, ""bestAsk"": 0.023}]",
527049,will-lamine-yamal-win-the-2025-ballon-dor,https://polymarket.com/event/will-lamine-yamal-win-the-2025-ballon-dor,https://embed.polymarket.com/market.html?market=will-lamine-yamal-win-the-2025-ballon-dor&features=volume&theme=light,Will Lamine Yamal win the 2025 Ballon d'Or?,,"24h $88,041 • spread 0.006 • TTR 36.2d",1112866.824514,88041.232402,500,0,-0.278,-27.8557,2025-10-26T12:00:00+00:00,36.227,1,0.006,-0.92,0.077,0,"[{""name"": ""Top"", ""bestBid"": 0.074, ""bestAsk"": 0.08}]",
584891,will-bitcoin-reach-125k-in-september,https://polymarket.com/event/will-bitcoin-reach-125k-in-september,https://embed.polymarket.com/market.html?market=will-bitcoin-reach-125k-in-september&features=volume&theme=light,Will Bitcoin reach $125K in September?,,"24h $88,041 • spread 0.010 • TTR 10.9d",634398.210459,88041.232402,500,0,-0.278,-27.8557,2025-10-01T04:00:00+00:00,10.894,1,0.01,-0.9,0.095,0,"[{""name"": ""Top"", ""bestBid"": 0.09, ""bestAsk"": 0.1}]",
566194,will-brighton-win-the-202526-english-premier-league,https://polymarket.com/event/will-brighton-win-the-202526-english-premier-league,https://embed.polymarket.com/market.html?market=will-brighton-win-the-202526-english-premier-league&features=volume&theme=light,Will Brighton win the 2025–26 English Premier League?,,"24h $88,041 • spread 0.998 • TTR 248.7d",2191671.01839,88041.232402,500,0,-0.278,-27.8557,2026-05-27T00:00:00+00:00,248.727,1,0.998,-0.999,,0,"[{""name"": ""Top"", ""bestBid"": null, ""bestAsk"": 0.001}]",0.998
516729,will-8plus-fed-rate-cuts-happen-in-2025,https://polymarket.com/event/will-8plus-fed-rate-cuts-happen-in-2025,https://embed.polymarket.com/market.html?market=will-8plus-fed-rate-cuts-happen-in-2025&features=volume&theme=light,Will 8+ Fed rate cuts happen in 2025?,,"24h $88,041 • spread 0.002 • TTR 81.2d",1564367.524771,88041.232402,500,0,-0.278,-27.8557,2025-12-10T12:00:00+00:00,81.227,1,0.002,-0.992,0.007,0,"[{""name"": ""Top"", ""bestBid"": 0.006, ""bestAsk"": 0.008}]",
